A2,2025-05-13,2025-05-14,2025-05-15,2025-05-16,2025-05-17,2025-05-18,2025-05-19,2025-05-20,2025-05-21,2025-05-22,2025-05-23,2025-05-24,2025-05-25,2025-05-26
A4,2025-06-06
A8,2025-06-20,2025-06-21,2025-06-22
B4,2025-06-06
B5,2025-04-07,2025-04-08,2025-04-09,2025-04-10,2025-04-11,2025-04-12,2025-04-13,2025-04-14,2025-04-15
C1,2024-04-11,2024-04-12,2024-04-13
C3,2024-06-26,2024-06-27,2024-06-28,2024-06-29,2024-06-30,2025-07-01,2025-07-02
C5,2025-05-30,2025-05-31,2025-06-01,2025-06-02
C6,2025-04-25,2025-04-26,2025-04-27,2025-04-28,2025-04-29
C7,2025-06-06,2025-06-27,2025-06-28,2025-06-29,2025-06-30
